x,y,Estimated Centroid,Estimated Cluster,Estimated Cluster Mapped,Estimated Sigma,Estimated 2Sigma,Estimated 3Sigma
0.19936263155023062,0.786773785066556,mu1,E1,C1,0.20276947592514627,0.40553895185029254,0.6083084277754388
0.8099389639938328,0.24479168607038676,mu2,E2,C2,0.21671701590258205,0.4334340318051641,0.6501510477077461
